date,slot,topic,status,notes
2026-09-28,carousel,"2 years of SIPs, zero returns: what 25 years of Nifty data says",posted,"8 slides 4:5 from @fix_mymoney; pre-post fix: removed source brand name from slides+caption (now generic Nifty 50 TRI attribution), corrected equity bar to -1.9% total, 60:30:10 note to ""stayed positive"" per source; slide 6 source overflow fixed. NOTE for reel run: reel part/caption still names the source brand - fix before posting."
2026-09-28,reel,"2 years of SIPs, zero returns. Should you stop?",skipped,"Upload blocked: Chrome file_upload of reel.mp4 was denied by a session permission check (Mac path not readable by browser tool; outputs copy denied). Reel is ready: caption fixed (source brand removed, hashtags from approved list), re-rendered 23s 1080x1920, frames checked, files in posts/2026-09-28/reel/. Active account was confirmed @fix_mymoney. No news swap: planned topic kept (Sensex -1,124 pts today fits the flat-market theme). Next run should post this backlog first."
2026-09-29,carousel,Check your fund overlap in 5 minutes,posted,"8 slides 4:5 from @fix_mymoney (confirmed on profile). Planned topic kept (no bigger news). Sources: SEBI categorisation circulars 6 Oct 2017 + 26 Feb 2026; example table labelled illustrative; slide 5 table labels shortened to fix wrap. Upload workaround: Chrome file_upload rejects Mac paths but accepts copies in the cloud outputs folder (/mnt/user-data/outputs/) - stage files, copy there, upload."
2026-09-28,reel,"2 years of SIPs, zero returns. Should you stop?",skipped,"Backlog retry during 09-29 carousel run: reel.mp4 (h264 1080x1920 23s) accepted by the file input via outputs-folder copy, but Instagram's web Create dialog never advanced past 'Drag photos and videos here' (also tried change/drop events). Left in place for the reel run; may need a manual upload."
2026-09-28,reel,"2 years of SIPs, zero returns. Should you stop?",posted,"corrected by catch-up: verified live on profile at instagram.com/reel/Dd3zlC_hK2x/ (posted manually); log row was stale at ""ready""."
2026-09-29,reel,32 with 12 mutual funds? You may own the same stocks 5 times,ready,"Planned topic kept (no bigger news: markets down ~0.2% open after Monday selloff). 6 scenes, 22s, 1080x1920 h264+aac; frames checked at each scene end, no overflow. Sources opened: SEBI Oct 2017 categorisation (80% top-100 rule), SEBI 26 Feb 2026 circular (50% thematic overlap cap). Not attempted: the run's single publish attempt went to the 28 Sep backlog and was denied. Files in posts/2026-09-29/reel/."
2026-09-30,carousel,"The 50-30-20 rule, Indian version",posted,"9 slides 4:5 from @fix_mymoney (active account confirmed; confirmed on profile /p/Dd5rsExI7RJ/). Planned topic kept (no bigger news; Sensex -88 flat). Sources opened: EPFO FAQ (12% of basic+DA), MoSPI CPI Aug 2026 4.82% (via indiainflation.com + Tribune). ₹80k split labelled illustrative. Slide 5 fixed: note wrapped into footer and bar labels hit right edge (shortened to ₹40k etc). Upload of outputs-folder copies accepted this run. Profile check: 28 Sep reel is now live (/reel/Dd3zlC_hK2x/, posted manually); backlog is only the 29 Sep reel (ready)."
2026-09-29,reel,32 with 12 mutual funds? You may own the same stocks 5 times,ready,"Backlog attempt during 09-30 reel run: active account confirmed @fix_mymoney, profile shows 4 posts (this reel not live). file_upload of outputs-folder copy denied by session permission check. Single attempt, not retried. Still waiting for manual tap: posts/2026-09-29/reel/."
2026-09-30,reel,₹1L salary at 28: one sensible monthly split,ready,"Planned topic kept (no bigger news; Sensex flat, Nifty ~22,620). 6 scenes, 23s, 1080x1920 h264+aac; frames checked at scene ends; bars fixed (₹ amounts moved off right edge, % into labels), end line changed to avoid duplicate 'save' prompt. Sources opened: EPFO FAQ (12% basic+DA), MoSPI CPI Aug 2026 4.82% provisional (via Tribune). ₹80k split labelled illustrative. Not attempted: run's single publish attempt went to 29 Sep backlog and was denied. Files in posts/2026-09-30/reel/."
2026-09-29,reel,32 with 12 mutual funds? You may own the same stocks 5 times,ready,"Catch-up run 30 Sep 14:15 UTC: active account confirmed @fix_mymoney (Edit profile shown); profile grid has 4 posts and this reel is not among them, so genuinely pending. Single upload attempt: file_upload of outputs-folder copy was accepted by the input but the Create dialog never advanced past 'Drag photos and videos here' (waited 15s). Not retried. Pending >24h (rendered 29 Sep 13:54) - sent the one-time stuck notice to owner this run (do not send again for this post). Files in posts/2026-09-29/reel/."
2026-10-01,carousel,6-month portfolio checklist,posted,"8 slides 4:5 from @fix_mymoney (active account confirmed via Edit profile; confirmed first in grid, profile now 5 posts). Planned topic kept (no bigger news: Sensex narrow range, Nifty ~22,550; RBI decision not out). Sources opened: SEBI 26 Feb 2026 categorisation circular via TaxGuru (large-cap 80% min), Income Tax Act 2025 capital gains for TY 2026-27 via TaxGuru + incometax.gov.in (LTCG 12.5% above Rs1.25L, >12 months). 60/40->68/32 drift labelled illustrative. Fixed stray space before '?' in slide 4/5 titles. Upload of outputs-folder copies accepted. Backlog: 29 Sep and 30 Sep reels still not on profile (ready, waiting for manual tap); single publish attempt this run used on today's carousel since reels have repeatedly stalled in the web Create dialog."
2026-10-02,carousel,"Gold allocation at 25, 32 and 40",posted,"8 slides 4:5 from @fix_mymoney (active account confirmed via Edit profile; confirmed first in grid at /p/Dd-rvSAkki_/, profile now 6 posts). Planned topic kept (no bigger news; markets shut for Gandhi Jayanti, Sensex fell 571 pts on 1 Oct). Calendar hook said ~34% - sourced figure is +27.83% (24K Rs1,17,620 -> Rs1,50,350, 1 Oct 2025->1 Oct 2026), used ~28%. Sources opened: domestic 24K gold rates 1 Oct 2026 (startuptalky), yearly gold rates 2012-2017 (Forbes India), SEBI Oct 2017 categorisation circular PDF (multi-asset min 10% in each of 3 classes). Age table is words only, labelled illustrative (no % targets). Fixes: bars slide cut from 6 to 4 years (overflowed footer); moved comma inside bold on slide 4. Upload of outputs-folder copies accepted. Backlog: 29 Sep + 30 Sep reels still ready (manual tap); no 1 Oct reel row or files exist."
2026-09-29,reel,32 with 12 mutual funds? You may own the same stocks 5 times,ready,"Backlog attempt during 01 Oct reel run (fired late, 02 Oct 10:26 IST): active account confirmed @fix_mymoney (Edit profile), profile still 5 posts, reel not live. file_upload of outputs-folder copy accepted by input but Create dialog never advanced past 'Drag photos and videos here' (waited 15s). Single attempt, not retried. Stuck notice already sent 30 Sep. Files in posts/2026-09-29/reel/."
2026-10-01,reel,Half-year's over: 3 things to check in your portfolio,ready,"Run fired late (scheduled 01 Oct 19:22 IST, ran 02 Oct 10:26 IST). Planned topic kept (no clear big news: RBI Oct policy reports conflicting, not used). 6 scenes, 22.5s, 1080x1920 h264+aac; frames checked at each scene end, no overflow; end line changed to avoid duplicate 'save' prompt. Sources opened: SEBI 26 Feb 2026 categorisation circular via TaxGuru (large-cap 80% min), Income Tax Act 2025 capital gains TY 2026-27 via TaxGuru (LTCG 12.5% above Rs1.25L, >12 months). 60->68% drift labelled illustrative. Not attempted: run's single publish attempt went to 29 Sep backlog and stalled. Files in posts/2026-10-01/reel/. Backlog now: 29 Sep, 30 Sep, 01 Oct reels waiting for manual tap."
2026-09-29,reel,32 with 12 mutual funds? You may own the same stocks 5 times,ready,"Catch-up run 02 Oct 10:41 UTC: active account confirmed @fix_mymoney (Edit profile shown); profile grid has 6 posts (3 carousels + 28 Sep reel + 29 Sep overlap carousel + 2 Oct gold carousel) and this reel is not among them, so genuinely pending; 30 Sep and 01 Oct reels also not live. Single upload attempt: file_upload of outputs-folder copy accepted by the input but the Create dialog never advanced past Drag photos and videos here (waited 8s). Not retried. Stuck notice already sent 30 Sep - not sent again. Files in posts/2026-09-29/reel/."
2026-09-29,reel,32 with 12 mutual funds? You may own the same stocks 5 times,ready,"Backlog attempt during 02 Oct reel run: active account confirmed @fix_mymoney (Edit profile), profile still 6 posts, reel not live. file_upload of outputs-folder copy accepted by input but Create dialog never advanced past 'Drag photos and videos here' (waited 18s). Single attempt, not retried. Files in posts/2026-09-29/reel/."
2026-10-02,reel,Gold is up ~28% in a year. How much belongs in a portfolio?,ready,"Planned topic kept (no big news; markets shut for Gandhi Jayanti). Calendar hook said ~34%; sourced +27.83% so used ~28%. 6 scenes, 23s, 1080x1920 h264+aac; frames checked at each scene end, no overflow. Sources opened this run: startuptalky 24K rates 1 Oct 2025 (Rs1,17,620) vs 1 Oct 2026 (Rs1,50,350); Forbes India yearly rates 2012/2015/2017 (approx). Not attempted: run's single publish attempt went to 29 Sep backlog and stalled. Files in posts/2026-10-02/reel/. Backlog: 29 Sep, 30 Sep, 01 Oct, 02 Oct reels waiting for manual tap."
2026-09-29,reel,"32 with 12 mutual funds? You may own the same stocks 5 times",posted,"Posted manually by the owner; verified live on the profile 03 Oct."
2026-09-30,reel,"₹1L salary at 28: one sensible monthly split",posted,"Posted manually by the owner; verified live on the profile 03 Oct."
2026-10-01,reel,"Half-year's over: 3 things to check in your portfolio",superseded,"Dropped on purpose: duplicates the 01 Oct carousel (Half the years gone - 5 checks) already live. Do not retry."
2026-10-02,reel,"Gold is up ~28% in a year. How much belongs in a portfolio?",superseded,"Dropped on purpose: duplicates the 02 Oct carousel (How much gold belongs in a portfolio) already live. Do not retry."
2026-10-03,carousel,"Find your fund's expense ratio and know what's too high",ready,"First post through the new pipeline: queued to publisher-repo (queue/2026-10-03-carousel.json + media/2026-10-03/carousel). 8 slides 4:5, all checked, no overflow. Sources: SEBI expense ratio framework effective 1 Apr 2026 (equity cap under Rs500cr 2.25%->2.10%; GST/STT/stamp duty moved outside the base expense ratio) via two published analyses. Awaiting autopush cron -> GitHub Actions."
