date,key,slot,media_id,posted_at,likes,comments,views,reach,saved,shares,total_interactions,ig_reels_avg_watch_time,topic,permalink
2026-10-04,2026-10-03-carousel,carousel,18030523052682199,2026-10-03T08:41:18+0000,0,0,0,0,0,0,0,,Find your fund's expense ratio and know what's too high,https://www.instagram.com/p/DeBp0LNmz4j/
2026-10-04,2026-10-04-carousel,carousel,17925225003429585,2026-10-04T05:28:06+0000,0,0,,,,,,,"Eight losing weeks: what history says, and what to check",https://www.instagram.com/p/DeD4gUelKk6/
2026-10-04,2026-10-04-reel,reel,18160172458503144,2026-10-04T05:56:14+0000,1,0,,,,,,,Thinking of stopping your SIP? 8 weeks of red,https://www.instagram.com/reel/DeD7rwwEw-M/
2026-10-05,2026-10-03-carousel,carousel,18030523052682199,2026-10-03T08:41:18+0000,0,0,0,0,0,0,0,,Find your fund's expense ratio and know what's too high,https://www.instagram.com/p/DeBp0LNmz4j/
2026-10-05,2026-10-04-carousel,carousel,17925225003429585,2026-10-04T05:28:06+0000,0,0,,,,,,,"Eight losing weeks: what history says, and what to check",https://www.instagram.com/p/DeD4gUelKk6/
2026-10-05,2026-10-04-reel,reel,18160172458503144,2026-10-04T05:56:14+0000,1,0,,,,,,,Thinking of stopping your SIP? 8 weeks of red,https://www.instagram.com/reel/DeD7rwwEw-M/
2026-10-05,2026-10-04-reel-pm,reel,18089419085241608,2026-10-04T15:00:11+0000,1,0,,,,,,,RBI decides on 7 Oct: what a 0.25% hike would mean for a home loan EMI,https://www.instagram.com/reel/DeE570jCdcs/
2026-10-06,2026-10-03-carousel,carousel,18030523052682199,2026-10-03T08:41:18+0000,0,0,0,0,0,0,0,,Find your fund's expense ratio and know what's too high,https://www.instagram.com/p/DeBp0LNmz4j/
2026-10-06,2026-10-04-carousel,carousel,17925225003429585,2026-10-04T05:28:06+0000,0,0,,,,,,,"Eight losing weeks: what history says, and what to check",https://www.instagram.com/p/DeD4gUelKk6/
2026-10-06,2026-10-04-reel,reel,18160172458503144,2026-10-04T05:56:14+0000,1,0,,,,,,,Thinking of stopping your SIP? 8 weeks of red,https://www.instagram.com/reel/DeD7rwwEw-M/
2026-10-06,2026-10-04-reel-pm,reel,18089419085241608,2026-10-04T15:00:11+0000,1,0,,,,,,,RBI decides on 7 Oct: what a 0.25% hike would mean for a home loan EMI,https://www.instagram.com/reel/DeE570jCdcs/
2026-10-06,2026-10-05-reel-am,reel,18016714166938645,2026-10-05T03:02:03+0000,0,0,,,,,,,Money rules that changed in October 2026,https://www.instagram.com/reel/DeGMi4rExPY/
2026-10-06,2026-10-05-reel-pm,reel,17986410111065076,2026-10-05T14:05:01+0000,0,0,,,,,,,"Which government small savings scheme pays the most, Oct-Dec 2026",https://www.instagram.com/reel/DeHYZaMoHnW/
2026-10-07,2026-10-03-carousel,carousel,18030523052682199,2026-10-03T08:41:18+0000,0,0,1,1,0,0,0,,Find your fund's expense ratio and know what's too high,https://www.instagram.com/p/DeBp0LNmz4j/
2026-10-07,2026-10-04-carousel,carousel,17925225003429585,2026-10-04T05:28:06+0000,0,0,1,1,0,0,0,,"Eight losing weeks: what history says, and what to check",https://www.instagram.com/p/DeD4gUelKk6/
2026-10-07,2026-10-04-reel,reel,18160172458503144,2026-10-04T05:56:14+0000,1,0,13,12,0,0,1,3105,Thinking of stopping your SIP? 8 weeks of red,https://www.instagram.com/reel/DeD7rwwEw-M/
2026-10-07,2026-10-04-reel-pm,reel,18089419085241608,2026-10-04T15:00:11+0000,1,0,22,18,0,0,1,2642,RBI decides on 7 Oct: what a 0.25% hike would mean for a home loan EMI,https://www.instagram.com/reel/DeE570jCdcs/
2026-10-07,2026-10-05-reel-am,reel,18016714166938645,2026-10-05T03:02:03+0000,0,0,30,28,0,0,0,2636,Money rules that changed in October 2026,https://www.instagram.com/reel/DeGMi4rExPY/
2026-10-07,2026-10-05-reel-pm,reel,17986410111065076,2026-10-05T14:05:01+0000,0,0,5,5,0,0,0,5854,"Which government small savings scheme pays the most, Oct-Dec 2026",https://www.instagram.com/reel/DeHYZaMoHnW/
2026-10-07,2026-10-06-reel-am,reel,18094156217655492,2026-10-06T03:01:53+0000,0,0,8,8,0,0,0,2454,How much money do you need to retire? The 25x rule and its catch,https://www.instagram.com/reel/DeIxUZRiqo5/
2026-10-07,2026-10-06-reel-pm,reel,18128983567841101,2026-10-06T14:04:43+0000,0,0,1,2,0,0,0,9875,PPF 7.1% vs inflation 4.82%: real return explained,https://www.instagram.com/reel/DeJ9LJcCqu0/
